{
    "sequencial": [
        [
            573.7472000182606,
            699.1407999885269,
            449.7757999924943,
            376.1244000052102,
            422.5513999990653,
            655.848700000206,
            645.3538999776356,
            355.35060000256635,
            325.7793000084348,
            384.1345000255387
        ],
        [
            695.41390001541,
            804.855199996382,
            887.0356999977957,
            835.6995999929495,
            688.4836000099313,
            691.0410999844316,
            830.5817000218667,
            903.3559999952558,
            929.6128999849316,
            744.4190999958664
        ],
        [
            1398.1869000126608,
            1081.4513999794144,
            1119.4206999789458,
            1389.3104000017047,
            1205.834299995331,
            1099.3633000180125,
            1082.534699991811,
            1092.8303000109736,
            1099.2518000130076,
            1180.5266999872401
        ],
        [
            1997.8170999966096,
            2925.28019999736,
            2370.1120000041556,
            2037.8569999884348,
            1483.9379000186455,
            1476.484699989669,
            1573.710700002266,
            1497.1321999910288,
            1566.2503999774344,
            1873.3680000004824
        ],
        [
            2225.3528000146616,
            2141.7530000035185,
            2119.2863000032958,
            2187.606399995275,
            2058.289899985539,
            2288.68350002449,
            1961.9309999980032,
            1874.239700002363,
            1877.7537000132725,
            2266.816599993035
        ]
    ],
    "paralelo": [
        [
            1714.2303000146057,
            1591.4580000098795,
            1693.66849999642,
            1412.450899981195,
            1816.1715999885928,
            1501.4368999982253,
            1586.9335000170395,
            1342.2429999918677,
            1678.771400009282,
            1454.4193999900017
        ],
        [
            1779.6819999930449,
            1865.873200003989,
            1597.3789000127,
            1898.9658000064082,
            1605.3034999931697,
            1888.2407000055537,
            1565.5208999814931,
            1761.2845999829005,
            1758.9411000080872,
            1592.1724000072572
        ],
        [
            2117.1584999829065,
            1836.1503000196535,
            2089.5512999850325,
            1900.2895999874454,
            2115.644399978919,
            1884.640899981605,
            2123.074600007385,
            1966.885200003162,
            2271.8798000132665,
            2073.556900024414
        ],
        [
            2047.4726000102237,
            2317.313900013687,
            2160.6935000163503,
            2259.5681000093464,
            2254.6474999981,
            2118.0880999891087,
            2389.55699998769,
            2042.8656000003684,
            2415.160400007153,
            2070.7994000113104
        ],
        [
            2329.185200011125,
            2587.541399989277,
            2435.5504999984987,
            2386.5371999854688,
            2305.2587999845855,
            2599.5856000226922,
            2454.987400007667,
            2378.540300007444,
            2632.4383999744896,
            2256.7099999869242
        ]
    ]
}