{
    "sequencial": [
        [
            0.16709999181330204,
            0.15449998318217695,
            0.15380000695586205,
            0.15320000238716602,
            0.152299995534122,
            0.1522000238765031,
            0.15180002083070576,
            0.15819998225197196,
            0.15249999705702066,
            0.15189999248832464
        ],
        [
            0.8196000126190484,
            0.8144000021275133,
            0.807800010079518,
            0.7979999936651438,
            0.8033000049181283,
            0.7999000081326813,
            0.7987999997567385,
            0.7952000014483929,
            0.7956000044941902,
            0.7986000273376703
        ],
        [
            1.7865000118035823,
            1.781200000550598,
            1.7728999955579638,
            1.7785000090952963,
            1.7737000016495585,
            1.770899980328977,
            2.955100004328415,
            1.7743000062182546,
            1.7763999931048602,
            1.844200014602393
        ],
        [
            11.316899996018037,
            11.1668000172358,
            11.160300025949255,
            12.286400015000254,
            14.207900007022545,
            12.912299978779629,
            12.318599998252466,
            11.364700010744855,
            11.141499999212101,
            11.872700008098036
        ],
        [
            25.323200010461733,
            24.28179999697022,
            24.12509999703616,
            26.07309998711571,
            25.215000001480803,
            24.248800007626414,
            26.342400000430644,
            26.983299991115928,
            24.123100010911003,
            24.60050000809133
        ]
    ],
    "paralelo": [
        [
            0.15300000086426735,
            0.15259999781847,
            0.15219999477267265,
            0.15199999324977398,
            0.1514999894425273,
            0.15109998639672995,
            0.15210002311505377,
            0.152900000102818,
            0.15180002083070576,
            0.15109998639672995
        ],
        [
            0.7966000121086836,
            0.7996999775059521,
            0.7963000098243356,
            0.7954000029712915,
            0.7991999736987054,
            0.7947999984025955,
            0.804400013294071,
            0.7956999761518091,
            0.8030000026337802,
            0.8196000126190484
        ],
        [
            1.7709000094328076,
            1.7692999972496182,
            1.77650002297014,
            1.7777000030037016,
            1.7730999970808625,
            1.7733999993652105,
            1.7715999856591225,
            1.774400006979704,
            1.7723999917507172,
            1.7737000016495585
        ],
        [
            11.219000007258728,
            11.154500010889024,
            11.140299990074709,
            11.252199998125434,
            13.469099998474121,
            15.463800024008378,
            16.885499993804842,
            12.037800013786182,
            13.230299984570593,
            11.16550000733696
        ],
        [
            25.592899997718632,
            24.128899996867403,
            24.31740000611171,
            24.19739999459125,
            24.158199987141415,
            24.082899995846674,
            26.39610000187531,
            28.88369999709539,
            26.624699996318668,
            25.389599992195144
        ]
    ]
}