{
    "sequencial": [
        [
            0.29779299984511454,
            0.2227850000053877,
            0.349595999068697,
            0.3255770006944658,
            0.2537240015954012,
            0.22695799998473376,
            0.2554540005803574,
            0.34460900133126415,
            0.28018599914503284,
            0.1449269984732382
        ],
        [
            0.7240260001708521,
            0.7157820000429638,
            0.7197510003607022,
            0.7643280005140696,
            2.4401520004175836,
            1.1898490010935348,
            0.9246240006177686,
            0.7375620007223915,
            0.7409200006804895,
            0.7141529986256501
        ],
        [
            1.6565870009799255,
            4.285021999749006,
            5.2724409997608745,
            2.6981500013789628,
            1.5404629994009156,
            1.680403000136721,
            2.3353229989879765,
            1.6521100005775224,
            3.92830300006608,
            2.402494001216837
        ],
        [
            32.1315119999781,
            31.120073999773012,
            19.65290900079708,
            19.010608000826323,
            12.080866999895079,
            13.834343999405974,
            18.810823999956483,
            16.489546000229893,
            13.708448999750544,
            24.26432299944281
        ],
        [
            40.96952999861969,
            38.22914199918159,
            33.94605399989814,
            32.48731600069732,
            35.10679499959224,
            35.08521900039341,
            38.944313000683906,
            26.370245999714825,
            31.56910500001686,
            34.51782499905676
        ]
    ],
    "paralelo": [
        [
            0.1201960003527347,
            0.11551399984455202,
            0.11449699923105072,
            0.11419099973863922,
            0.12202800098748412,
            0.11419099973863922,
            0.11358099982317071,
            0.11358099982317071,
            0.11347899999236688,
            0.11388599887141027
        ],
        [
            0.7028560012258822,
            0.6875909984955797,
            1.2179380009911256,
            2.21227800102497,
            1.476040000852663,
            0.9123090003413381,
            1.6392860015912447,
            1.0488899988558842,
            0.9062019998964388,
            0.9376510006404715
        ],
        [
            1.7153120006696554,
            1.5652950005460298,
            3.241831000195816,
            2.9914650003775023,
            1.7775980013539083,
            5.476600999827497,
            2.4478859995724633,
            1.5898229994490976,
            3.1542030010314193,
            2.153350000298815
        ],
        [
            24.13934299875109,
            22.161045999382623,
            30.204100999981165,
            17.10446899960516,
            17.148945000371896,
            17.246036999495118,
            10.209330999714439,
            15.062766000482952,
            14.599283000279684,
            17.843965000793105
        ],
        [
            34.682495999732055,
            31.428655000127037,
            35.65128999980516,
            35.17803699833166,
            29.892161999669042,
            35.86654300124792,
            34.91138800018234,
            33.65446899988456,
            32.12967999934335,
            33.437689000493265
        ]
    ]
}