{
    "sequencial": [
        [
            346.5424330006499,
            347.501354999622,
            495.53365300016594,
            356.408884999837,
            361.39350699886563,
            334.86835999974573,
            370.1900010000827,
            338.2746589995804,
            474.22486799951,
            626.1727469991456
        ],
        [
            991.2238140004774,
            816.6198020007869,
            812.0233890003874,
            763.4126649991231,
            922.0961770006397,
            932.1514870007377,
            793.0750730010914,
            946.8711860008625,
            805.5471329989814,
            960.0824429999193
        ],
        [
            1764.3751909999992,
            1188.3394780015806,
            1399.6451490002073,
            1256.2037620009505,
            1211.5440130000934,
            1176.2966419992154,
            1221.9233159994474,
            1192.4046789990825,
            1413.3441539997875,
            1343.350614000883
        ],
        [
            1750.784656000178,
            1718.6656670000957,
            1640.703098000813,
            1724.7786759999144,
            3546.325531999173,
            4398.958575000506,
            2880.860978000783,
            1997.1105019994866,
            1790.4424059997837,
            2288.659985999402
        ],
        [
            2291.2091910002346,
            2239.6341280000343,
            2166.1057689998415,
            2196.1817239989614,
            2160.563232999266,
            2303.0999720012915,
            2107.156287998805,
            2067.0936330006953,
            2291.378549000001,
            2111.64302600082
        ]
    ],
    "paralelo": [
        [
            339.6660210000846,
            409.0482069987047,
            525.9624279988202,
            392.40727099968353,
            227.505722999922,
            278.6913110012392,
            499.3117939993681,
            461.0450349991879,
            506.0534940002981,
            544.8194650016376
        ],
        [
            600.4473899993172,
            500.47264999921026,
            607.8142049991584,
            662.9854700004216,
            829.7806459995627,
            618.9219610005239,
            503.5013729993807,
            471.58062900052755,
            483.43776100045943,
            779.3616130002192
        ],
        [
            1819.216174999383,
            1473.3563150002738,
            800.4023419998703,
            901.4583810003387,
            1006.1947950016474,
            993.4644700006174,
            761.8276119992515,
            867.143056999339,
            1043.1297659997654,
            1125.176924999323
        ],
        [
            1230.3110470002139,
            1536.7150450001645,
            1087.671371000397,
            1001.7896379995364,
            1355.6672950016946,
            1223.968538999543,
            1018.2505379998474,
            1268.6299020006118,
            1377.1273199999996,
            1070.9395939993556
        ],
        [
            1397.9974110006879,
            1705.5273249989114,
            1400.067279999348,
            1354.3597309999313,
            1787.6004530007776,
            1313.4670719991846,
            1520.060425000338,
            1668.461703000503,
            1369.4831230004638,
            1719.5437129994389
        ]
    ]
}