{
    "sequencial": [
        [
            0.1478000012866687,
            0.13390000094659626,
            0.1328999969700817,
            0.1315000008617062,
            0.13169999874662608,
            0.1320000010309741,
            0.13190000026952475,
            0.13190000026952475,
            0.1426999988325406,
            0.17210000078193843
        ],
        [
            3.860299999359995,
            3.933200001483783,
            3.8611999989370815,
            3.8811000013083685,
            3.887299997586524,
            3.864199999952689,
            3.8127000007079914,
            3.797000001213746,
            3.586799997719936,
            3.6932000002707355
        ],
        [
            6.147199997940334,
            6.367199999658624,
            6.580000001122244,
            6.3929000025382265,
            6.348300001263851,
            6.162500001664739,
            6.060600000637351,
            6.268899996939581,
            6.10939999751281,
            6.2760000000707805
        ],
        [
            39.04360000160523,
            38.21999999854597,
            39.23090000171214,
            41.68839999692864,
            38.92030000133673,
            41.03680000116583,
            41.49349999715923,
            39.595700000063516,
            38.87329999997746,
            38.26920000210521
        ],
        [
            82.42329999848153,
            84.07039999656263,
            68.5827999986941,
            32.216699997661635,
            73.88889999856474,
            80.7332000003953,
            47.270699997170595,
            49.290700000710785,
            64.08350000128848,
            85.08580000125221
        ]
    ],
    "paralelo": [
        [
            1563.0010999993829,
            1429.3549000030907,
            1685.4106999999203,
            1479.0323999986867,
            1371.3112999976147,
            1642.0163000002503,
            1445.1855000006617,
            2394.419799999014,
            1593.3504999993602,
            1858.6442000014358
        ],
        [
            1674.5436999990488,
            1978.6267999988922,
            1811.248700003489,
            1598.0101999994076,
            1446.6650999966078,
            2193.448800000624,
            2014.1824000020279,
            2387.642000001506,
            1821.9746999966446,
            2508.1622999969113
        ],
        [
            2083.234400000947,
            1880.6192000010924,
            1909.147899998061,
            2075.0790999991295,
            1921.431399998255,
            2012.109600000258,
            1788.4011999994982,
            1978.5171000003174,
            1861.9777000021713,
            2034.8234999983106
        ],
        [
            1929.5071000015014,
            2009.5400999998674,
            1959.4242999992275,
            1961.4461000019219,
            1988.3148000008077,
            1985.0242999964394,
            2056.927199999336,
            1929.4143000006443,
            2417.124600000534,
            1898.032000000967
        ],
        [
            2131.179700001667,
            2074.153199999273,
            2105.186299999332,
            1765.5452999970294,
            2157.3400999986916,
            1858.803999999509,
            2182.1510000008857,
            1986.503600001015,
            2168.1921999988845,
            2058.9537999985623
        ]
    ]
}