{
    "sequencial": [
        [
            974.8013000025821,
            1013.4424999996554,
            1170.1930000017455,
            946.5741000021808,
            1147.0889999982319,
            1108.6642000009306,
            1109.339499998896,
            1046.7347000012523,
            604.2009000011603,
            768.1349000013142
        ],
        [
            1815.2389000024414,
            1627.893299999414,
            1838.4408999991138,
            1510.1978999991843,
            1953.1667000010202,
            1365.9516000006988,
            1165.242799997941,
            1095.128199998726,
            1053.3166999994137,
            1038.9757999982976
        ],
        [
            1540.2037000021664,
            1922.4495999987994,
            1948.7312999990536,
            1715.1062000011734,
            1947.8861999996298,
            1944.4373000005726,
            1895.2700999980152,
            1742.4097000002803,
            1969.4410000010976,
            1701.7728999999235
        ],
        [
            2571.810400000686,
            2254.7435000014957,
            2114.986399999907,
            2078.545499996835,
            2739.4749999984924,
            2818.5149999990244,
            2162.1371999972325,
            2238.32830000174,
            2244.461499998579,
            2258.7253999990935
        ],
        [
            3131.9207999986247,
            3051.9329000017024,
            3142.354499999783,
            3285.8728999999585,
            3097.6346999996167,
            6916.7406000015035,
            6415.02109999783,
            2712.615899999946,
            2768.9109000020835,
            4355.514999999286
        ]
    ],
    "paralelo": [
        [
            2553.693999998359,
            2289.207499998156,
            2702.5779000032344,
            2593.667799999821,
            2394.6052999999665,
            2678.5732000025746,
            2616.3297000020975,
            2412.226799999189,
            2678.1926000003295,
            2548.9682000006724
        ],
        [
            2320.229600001767,
            1990.4376000013144,
            2202.7419000005466,
            1922.4436000004061,
            2209.9314000006416,
            2159.573699998873,
            2488.111700000445,
            2230.8095000007597,
            1965.3693000000203,
            2272.238199999265
        ],
        [
            2309.967500001221,
            2587.072399997851,
            2252.414600003249,
            2461.027400000603,
            2125.59500000134,
            2387.3724000004586,
            2180.820000001404,
            2268.598999999085,
            2337.20220000032,
            2175.361999998131
        ],
        [
            2791.6307999985293,
            2631.693200000882,
            2594.1701000010653,
            2814.7167999995872,
            2973.837099998491,
            2943.246300001192,
            3346.7877000002773,
            2871.734300002572,
            2598.17860000112,
            2481.297499998618
        ],
        [
            3613.5517000002437,
            3442.5119000006816,
            3920.8660000003874,
            3059.9628999989363,
            10748.636600001191,
            3618.3751999997185,
            3477.9363999987254,
            4554.118500000186,
            3531.006299999717,
            3637.0008000012604
        ]
    ]
}